total,p,propp
prim,470,32.84416492
ants,379,26.48497554
bats,116,8.106219427
lmm,94,6.568832984
smm,94,6.568832984
but,47,3.284416492
amp,231,16.14255765
total,1431,100
